continent,country,1995,1996,1997,1998,1999,2000,2001,2002,2003,2004,2005,2006,2007,2008,2009,2010,2011,2012,2013,2014,2015,2016,2017,2018,2019,2020,2021,2022
NO,Aruba,NA,NA,NA,NA,NA,49.451,49.45,49.45,35,35,35,35,28,28,28,28,28,28,28,28,28,25,25,25,25,25,25,25
AS,Afghanistan,NA,NA,NA,NA,NA,NA,NA,NA,0,0,20,20,20,20,20,20,20,20,20,20,20,20,20,20,20,20,20,20
AF,Angola,40,40,40,40,40,40,35,35,35,35,35,35,35,35,35,35,35,35,35,35,30,30,30,30,30,30,25,25
NO,Anguilla,NA,NA,NA,NA,NA,0,0,0,0,0,0,0,0,0,0,0,0,0,0,0,0,0,0,0,0,0,0,0
EU,Aland Islands,NA,NA,NA,NA,NA,NA,NA,NA,NA,NA,NA,NA,NA,NA,NA,NA,NA,NA,NA,NA,NA,NA,20,20,20,20,20,20
EU,Albania,30,30,30,30,30,30,30,25,25,25,23,20,20,10,10,10,10,10,10,15,15,15,15,15,15,15,15,15
EU,Andorra,NA,NA,NA,NA,NA,0,0,0,0,0,0,0,0,0,0,0,0,10,10,10,10,10,10,10,10,10,10,10
NO,Netherlands Antilles,39,39,39,39,NA,NA,35,35,NA,34.5,34.5,34.5,34.5,34.5,34.5,NA,NA,NA,NA,NA,NA,NA,NA,NA,NA,NA,NA,NA
AS,United Arab Emirates,0,0,0,0,0,0,0,0,0,0,0,0,0,0,0,0,0,0,0,0,0,0,0,0,0,0,0,0
SA,Argentina,30,30,33,33,35,35,35,35,35,35,35,35,35,35,35,35,35,35,35,35,35,35,35,30,30,30,35,35
AS,Armenia,NA,20,30,30,30,25,25,20,20,20,20,20,20,20,20,20,20,20,20,20,20,20,20,20,20,18,18,18
OC,American Samoa,NA,NA,NA,NA,NA,NA,NA,NA,NA,NA,NA,NA,NA,NA,NA,NA,NA,NA,NA,44,44,44,34,34,34,34,34,34
AN,Antarctica,NA,NA,NA,NA,NA,NA,NA,NA,NA,NA,NA,NA,NA,NA,NA,NA,NA,NA,NA,NA,NA,NA,NA,NA,NA,NA,NA,NA
AN,French Southern Territories,NA,NA,NA,NA,NA,NA,NA,NA,NA,NA,NA,NA,NA,NA,NA,NA,NA,NA,NA,NA,NA,NA,NA,NA,NA,NA,NA,NA
NO,Antigua and Barbuda,40,40,40,40,40,40,40,NA,NA,NA,NA,NA,30,25,25,25,25,25,25,25,25,25,25,25,25,25,25,25
OC,Australia,36,36,36,36,36,34,30,30,30,30,30,30,30,30,30,30,30,30,30,30,30,30,30,30,30,30,30,30
EU,Austria,34,34,34,34,34,34,34,34,34,34,25,25,25,25,25,25,25,25,25,25,25,25,25,25,25,25,25,25
AS,Azerbaijan,NA,25,32,32,32,32,27,27,NA,25,24,24,22,22,22,20,20,20,20,20,20,20,20,20,20,20,20,20
AF,Burundi,NA,NA,NA,NA,NA,NA,NA,NA,NA,NA,NA,NA,NA,NA,NA,NA,NA,NA,NA,NA,30,30,30,30,30,30,30,30
EU,Belgium,40.17,40.17,40.17,40.17,40.17,40.17,40.17,40.17,33.99,33.99,33.99,35.97,33.99,33.99,33.99,33.99,33.99,33.99,33.99,33.99,33.99,33.99,33.99,29.58,29.58,25,25,25
AF,Benin,NA,NA,NA,NA,NA,NA,NA,NA,NA,NA,NA,NA,NA,NA,NA,30,30,30,30,30,30,30,30,30,30,30,30,30
NO,"Bonaire, Sint Eustatius and Saba",NA,NA,NA,NA,NA,NA,NA,NA,NA,NA,NA,NA,NA,NA,NA,NA,NA,0,0,0,0,0,25,25,25,25,25,25.8
AF,Burkina Faso,NA,NA,NA,NA,NA,35,35,35,35,35,35,35,35,30,30,27.5,27.5,27.5,27.5,27.5,27.5,27.5,27.5,28,28,28,28,27.5
AS,Bangladesh,40,40,40,40,35,35,35,35,30,30,30,30,30,30,27.5,27.5,27.5,27.5,27.5,27.5,27.5,25,25,25,25,25,32.5,30
EU,Bulgaria,40,40,36,30,30,30,25,20,23.5,19.5,15,15,10,10,10,10,10,10,10,10,10,10,10,10,10,10,10,10
AS,Bahrain,0,0,0,0,0,0,0,0,0,0,0,0,0,0,0,0,0,0,0,0,0,0,0,0,0,0,0,0
NO,Bahamas,0,0,0,0,0,0,0,0,0,0,0,0,0,0,0,0,0,0,0,0,0,0,0,0,0,0,0,0
EU,Bosnia and Herzegovina,NA,NA,NA,NA,NA,30,30,30,10,10,10,10,10,10,10,10,10,10,10,10,10,10,10,10,10,10,10,10
NO,Saint Barthelemy,NA,NA,NA,NA,NA,NA,NA,NA,NA,NA,NA,NA,NA,NA,NA,NA,NA,NA,NA,NA,NA,NA,NA,NA,0,0,0,0
EU,Belarus,30,30,30,30,30,30,30,25,24,24,24,24,24,24,24,24,24,18,18,18,18,18,18,18,18,18,18,18
NO,Belize,35,35,35,35,NA,25,25,25,25,25,25,25,25,25,25,25,25,25,25,25,25,25,25,25,25,0,0,0
NO,Bermuda,0,0,0,0,0,0,0,0,0,0,0,0,0,0,0,0,0,0,0,0,0,0,0,0,0,0,0,0
SA,Bolivia (Plurinational State of),25,25,25,25,25,25,25,25,25,25,25,25,25,25,25,25,25,25,25,25,25,25,25,25,25,25,25,25
SA,Brazil,25,25,25,25,33,37,34,34,34,34,34,34,34,34,34,34,34,34,34,34,34,34,34,34,34,34,34,34
NO,Barbados,40,40,40,40,40,40,40,37.5,36,33,30,25,25,25,25,25,25,25,25,25,25,25,25,30,5.5,5.5,5.5,5.5
AS,Brunei Darussalam,NA,NA,NA,NA,NA,30,30,30,30,30,30,30,30,30,25.5,23.5,22,21,20,20,18.5,18.5,18.5,18.5,18.5,18.5,18.5,18.5
AS,Bhutan,NA,NA,NA,NA,NA,NA,NA,NA,NA,NA,NA,NA,NA,NA,NA,30,30,30,30,30,30,30,30,30,30,30,25,25
AN,Bouvet Island,NA,NA,NA,NA,NA,NA,NA,NA,NA,NA,NA,NA,NA,NA,NA,NA,NA,NA,NA,NA,NA,NA,NA,NA,NA,NA,NA,NA
AF,Botswana,25,25,25,25,25,25,25,25,25,25,25,25,25,25,25,25,22,22,22,22,22,22,22,22,22,22,22,22
AF,Central African Republic,NA,NA,NA,NA,NA,NA,NA,NA,NA,NA,NA,NA,NA,NA,NA,NA,NA,NA,30,30,30,30,30,30,30,30,30,30
NO,Canada,44.6,44.6,44.6,44.6,44.6,42.43,40.48,38.02,35.87,34.38,34.18,33.93,33.95,31.4,30.9,29.4,27.7,26.1,26.2,26.2,26.7,26.7,26.7,26.8,26.62,26.47,26.15,26.21
AS,Cocos (Keeling) Islands,NA,NA,NA,NA,NA,NA,NA,NA,NA,NA,NA,NA,NA,NA,NA,NA,NA,NA,NA,NA,NA,NA,NA,NA,NA,NA,NA,NA
EU,Switzerland,28.46924177,28.46924177,28.46924177,27.79845951,25.09419405,24.93,24.7,24.42,24.099824,24.099824,21.33,21.33,21.323279,21.174438,21.174438,21.174438,21.174438,21.174438,21.148581,21.148581,21.148581,21.148581,21.148581,21.148581,21.148581,21.148581,19.698516,19.699
SA,Chile,35,15,15,15,15,15,15,16,16.5,17,17,17,17,17,17,17,20,20,20,21,22.5,24,25,25,25,25,10,27
AS,China,33,33,33,33,33,33,33,33,33,33,33,33,33,25,25,25,25,25,25,25,25,25,25,25,25,25,25,25
AF,Cote d'Ivoire,35,35,35,35,35,35,35,35,35,35,35,35,27,25,25,25,25,25,25,25,25,25,25,25,25,25,25,25
AF,Cameroon,38.5,38.5,38.5,38.5,38.5,38.5,38.5,38.5,NA,38.5,38.5,38.5,38.5,38.5,38.5,38.5,38.5,38.5,38.5,38.5,33,33,33,33,33,33,33,33
AF,Democratic Republic of the Congo,50,50,50,NA,NA,50,50,40,40,40,40,40,40,40,40,40,40,40,35,35,35,35,35,35,35,35,30,30
AF,Congo,49,49,45,45,45,45,45,40,NA,38,38,38,38,38,38,38,36,35,33,33,30,30,30,30,30,30,28,28
OC,Cook Islands,NA,NA,NA,NA,NA,0,0,0,0,0,0,0,0,0,0,0,0,0,0,0,0,20,20,20,20,20,20,20
SA,Colombia,30,35,35,35,35,35,35,35,35,35,35,35,34,33,33,33,33,33,25,25,25,25,34,33,33,32,31,35
AF,Comoros,NA,NA,NA,NA,NA,NA,NA,NA,NA,NA,NA,NA,NA,NA,NA,NA,NA,NA,NA,NA,35,NA,50,50,50,50,50,50
AF,Cabo Verde,NA,NA,NA,NA,NA,NA,NA,NA,NA,NA,NA,NA,NA,NA,NA,NA,25,25,25,25,25,25,25,25,22,22,22,22
NO,Costa Rica,30,30,30,30,30,30,30,30,36,30,30,30,30,30,30,30,30,30,30,30,30,30,30,30,30,30,30,30
NO,Cuba,NA,NA,NA,NA,NA,NA,NA,NA,NA,NA,NA,NA,NA,NA,NA,NA,NA,NA,35,35,35,35,35,35,35,35,35,35
NO,Curacao,NA,NA,NA,NA,NA,30,30,30,30,30,30,30,30,30,30,30,34.5,27.5,27.5,27.5,25,22,22,22,22,22,22,22
AS,Christmas Island,NA,NA,NA,NA,NA,NA,NA,NA,NA,NA,NA,NA,NA,NA,NA,NA,NA,NA,NA,NA,NA,NA,NA,NA,NA,NA,NA,NA
NO,Cayman Islands,0,0,0,0,0,0,0,0,0,0,0,0,0,0,0,0,0,0,0,0,0,0,0,0,0,0,0,0
EU,Cyprus,25,25,25,25,25,29,28,28,15,15,10,10,10,10,10,10,10,10,12.5,12.5,12.5,12.5,12.5,12.5,12.5,12.5,12.5,12.5
EU,Czechia,41,39,39,35,35,31,31,31,31,28,26,24,24,21,20,19,19,19,19,19,19,19,19,19,19,19,19,19
EU,Germany,55.10869565,55.87606838,56.79916318,56.0460251,52.03319502,52.03,38.9,38.9,40.215768,38.900415,38.900415,38.900415,38.900415,30.175,30.175,30.175,30.175,30.175,30.175,30.175,30.175,30.175,30.175,29.825,29.897059,29.897059,29.937781,29.83
AF,Djibouti,NA,NA,NA,NA,NA,NA,NA,NA,NA,NA,NA,NA,NA,NA,NA,NA,NA,NA,NA,NA,25,25,25,25,25,25,25,25
NO,Dominica,NA,NA,NA,30,NA,30,30,30,30,30,30,30,30,30,30,30,30,30,30,30,28,25,25,25,25,25,25,25
EU,Denmark,34,34,34,34,32,32,30,30,30,30,28,28,25,25,25,25,25,25,25,24.5,23.5,22,22,22,22,22,22,22
NO,Dominican Republic,25,25,25,25,25,25,25,25,25,25,25,30,25,25,25,25,29,29,29,28,27,27,27,27,27,27,27,27
AF,Algeria,NA,NA,NA,NA,NA,NA,NA,NA,NA,NA,NA,NA,NA,NA,NA,NA,NA,25,25,25,23,26,26,26,26,26,26,26
SA,Ecuador,25,25,32,36.25,15,25,36.25,36.25,36.25,36.25,25,25,25,25,25,25,24,23,22,22,22,22,22,25,25,25,25,25
AF,Egypt,40,40,40,40,40,40,40,40,42,42,20,20,20,20,20,20,20,25,25,25,22.5,22.5,22.5,23,22.5,22.5,22.5,22.5
AF,Eritrea,NA,NA,NA,NA,NA,NA,NA,NA,NA,NA,NA,NA,NA,NA,NA,NA,NA,NA,30,30,30,30,30,30,30,30,30,30
AF,Western Sahara,NA,NA,NA,NA,NA,NA,NA,NA,NA,NA,NA,NA,NA,NA,NA,NA,NA,NA,NA,NA,NA,NA,NA,NA,NA,NA,NA,NA
EU,Spain,35,35,35,35,35,35,35,35,35,35,35,35,32.5,30,30,30,30,30,30,30,28,25,25,25,25,25,25,25
EU,Estonia,26,26,26,26,26,26,26,26,26,26,24,23,22,21,21,21,21,21,21,21,20,20,20,20,20,20,20,20
AF,Ethiopia,50,50,50,40,35,35,NA,NA,NA,30,30,30,30,30,30,30,30,30,30,30,30,30,30,30,30,30,30,30
EU,Finland,25,28,28,28,28,29,29,29,29,29,26,26,26,26,26,26,26,24.5,24.5,20,20,20,20,20,20,20,20,20
OC,Fiji,35,35,35,35,35,35,34,32,32,31,31,31,31,31,29,28,28,28,20,20,20,20,20,20,20,20,20,20
SA,Falkland Islands (Malvinas),NA,NA,NA,NA,NA,NA,NA,NA,NA,NA,NA,NA,NA,26,26,26,26,26,26,26,26,26,26,26,26,26,26,26
EU,France,36.66,36.66,36.66,41.66,40,37.76,36.43,35.43,35.42979,35.42979,34.95,34.43,34.42989,34.42989,34.42989,34.42989,36.09639,36.09639,37.9962,37.9962,37.9962,34.43,34.43,34.43,34.43,32.02,28.4075,25.825
EU,Faroe Islands,NA,NA,NA,NA,NA,20,20,20,20,20,20,18,18,18,18,18,18,18,18,18,18,18,18,18,18,18,18,18
OC,Micronesia (Federated States of),NA,NA,NA,NA,NA,NA,NA,NA,NA,NA,NA,NA,NA,NA,NA,NA,21,21,21,21,21,21,21,21,21,30,30,30
AF,Gabon,40,40,40,40,40,35,35,35,35,35,35,35,35,35,35,35,35,35,30,30,30,30,30,30,30,30,30,30
EU,United Kingdom of Great Britain and Northern Ireland,33,33,31,31,30,30,30,30,30,30,30,30,30,28,28,28,26,24,23,21,20,20,19,19,19,19,19,19
AS,Georgia,NA,NA,NA,NA,NA,20,20,20,20,20,20,20,20,15,15,15,15,15,15,15,15,15,15,15,15,15,15,15
EU,Guernsey,20,20,20,20,NA,20,20,20,0,0,0,0,0,0,0,0,0,0,0,0,0,0,0,0,0,0,0,0
AF,Ghana,35,35,35,35,35,35,35,32.5,NA,32.5,30,25,25,25,25,25,25,25,25,25,25,25,25,25,25,25,25,25
EU,Gibraltar,35,35,35,35,NA,35,35,35,35,35,35,35,35,33,27,22,10,10,10,10,10,10,10,10,10,10,12.5,12.5
AF,Guinea,35,35,35,35,35,35,35,35,NA,35,35,35,35,35,35,35,35,35,35,35,35,35,35,35,35,35,35,35
NO,Guadeloupe,NA,NA,NA,NA,NA,NA,NA,NA,NA,NA,NA,NA,NA,NA,NA,NA,NA,NA,NA,NA,NA,NA,NA,NA,NA,NA,NA,NA
AF,Gambia,NA,NA,NA,NA,NA,35,35,35,NA,NA,NA,NA,NA,NA,NA,NA,NA,NA,NA,NA,31,31,30,31,31,31,27,27
AF,Guinea-Bissau,NA,NA,NA,NA,NA,NA,NA,NA,NA,NA,NA,NA,NA,NA,NA,NA,25,25,25,25,25,25,25,25,25,25,25,25
AF,Equatorial Guinea,NA,NA,NA,NA,NA,NA,NA,NA,NA,25,25,35,35,35,35,35,35,35,35,35,35,35,35,35,35,35,35,35
EU,Greece,35,35,35,40,40,40,37.5,35,35,35,32,29,25,25,25,24,20,20,26,26,26,29,29,29,24,24,24,22
NO,Grenada,NA,NA,NA,30,NA,30,30,30,30,30,30,30,30,30,30,30,30,30,30,30,30,30,30,30,28,28,28,28
NO,Greenland,NA,NA,NA,NA,NA,35,35,35,35,35,35,35,30,30,30,30,30,30,30,30,30,31.8,31.8,31.8,31.8,26.5,26.5,26.5
NO,Guatemala,30,30,30,25,27.5,25,31,31,31,31,31,31,31,31,31,31,31,31,31,28,25,25,25,25,25,25,25,25
SA,French Guiana,NA,NA,NA,NA,NA,NA,NA,NA,NA,NA,NA,NA,NA,NA,NA,NA,NA,NA,NA,NA,NA,NA,NA,NA,NA,NA,NA,NA
OC,Guam,NA,NA,NA,NA,NA,NA,35,35,NA,35,35,35,35,35,35,35,35,35,35,35,35,35,35,21,21,21,21,21
SA,Guyana,45,45,45,45,45,45,45,45,NA,35,35,NA,NA,NA,NA,35,30,30,30,30,30,30,27.5,27.5,25,25,25,25
AS,"China, Hong Kong Special Administrative Region",16.5,16.5,16.5,16.5,16,16,16,16,16,17.5,17.5,17.5,17.5,16.5,16.5,16.5,16.5,16.5,16.5,16.5,16.5,16.5,16.5,16.5,16.5,16.5,16.5,16.5
AN,Heard Island and McDonald Islands,NA,NA,NA,NA,NA,NA,NA,NA,NA,NA,NA,NA,NA,NA,NA,NA,NA,NA,NA,NA,NA,NA,NA,NA,NA,NA,NA,NA
NO,Honduras,35,35,40.25,40.25,25,25,25,25,25,25,30,30,30,30,30,25,35,35,35,30,30,30,25,25,25,25,25,25
EU,Croatia,NA,25,25,35,35,35,20,20,20.32,20.32,20.23,20,20,20,20,20,20,20,20,20,20,20,18,18,18,18,18,18
NO,Haiti,35,35,35,35,35,35,35,35,NA,NA,NA,NA,NA,NA,NA,NA,30,30,30,30,30,30,30,30,30,30,30,30
EU,Hungary,18,18,18,18,18,18,18,18,18,16,16,17.33,20,20,20,19,19,19,19,19,19,19,9,9,9,9,9,9
AS,Indonesia,30,30,30,30,30,30,30,30,30,30,30,30,30,30,28,25,25,25,25,25,25,25,25,25,25,25,22,22
EU,Isle of Man,20,20,20,20,20,20,20,18,15,15,15,15,0,0,0,0,0,0,0,0,0,0,0,0,0,0,0,0
AS,India,40,40,35,35,35,38.5,39.55,35.7,36.75,35.875,36.5935,33.66,33.99,33.99,33.99,33.99,32.44,32.45,33.99,33.99,34.61,34.61,34.61,35,30,30,30,30
AS,British Indian Ocean Territory,NA,NA,NA,NA,NA,NA,NA,NA,NA,NA,NA,NA,NA,NA,NA,NA,NA,NA,NA,NA,NA,NA,NA,NA,NA,NA,NA,NA
EU,Ireland,38,36,36,32,28,24,20,16,12.5,12.5,12.5,12.5,12.5,12.5,12.5,12.5,12.5,12.5,12.5,12.5,12.5,12.5,12.5,12.5,12.5,12.5,12.5,12.5
AS,Iran (Islamic Republic of),54,54,54,54,54,54,54,54,NA,25,25,25,NA,NA,NA,NA,25,25,25,25,25,25,25,25,25,25,25,25
AS,Iraq,NA,NA,NA,NA,NA,NA,NA,NA,NA,NA,NA,NA,NA,15,15,15,15,15,15,15,15,15,15,15,15,15,15,15
EU,Iceland,33,33,33,33,30,30,30,18,18,18,18,18,18,15,15,18,20,20,20,20,20,20,20,20,20,20,20,20
AS,Israel,37,36,36,36,36,36,36,36,36,35,34,31,29,27,26,25,24,25,25,26.5,26.5,25,24,23,23,23,23,23
EU,Italy,53.2,53.2,53.2,37,37,41.25,40.25,40.25,38.25,37.25,37.25,37.25,37.25,31.4,31.4,31.4,31.4,31.29275,31.29275,31.29275,31.29275,31.29275,27.8064,27.8064,27.8064,27.81,27.81,27.81
NO,Jamaica,33.3,33.3,33.3,33.3,33.3,33.33,33.33,33.33,33.33,33.33,33.33,33.33,33.33,33.33,33.33,33.33,33.33,33.33,25,25,25,25,25,25,25,25,25,25
EU,Jersey,20,20,20,20,NA,20,20,20,0,0,0,0,0,0,0,0,0,0,0,0,0,0,0,0,0,0,0,0
AS,Jordan,55,55,35,35,35,35,35,35,25,25,25,25,25,25,25,14,14,14,14,14,20,20,20,20,20,20,20,20
AS,Japan,49.98,49.98,49.98,46.36,48,40.87,40.87,40.87,40.87,39.54,39.54,39.54,39.54,39.54,39.54,39.54,39.54,39.54,36.99,36.99,32.11,29.97,29.97,29.74,29.74,29.74,29.74,29.74
AS,Kazakhstan,30,30,30,30,30,30,30,30,30,30,30,30,30,30,20,20,20,20,20,20,20,20,20,20,20,20,20,20
AF,Kenya,35,35,35,35,33,30,30,30,30,30,30,30,30,30,30,30,30,30,30,30,30,30,30,30,30,30,30,30
AS,Kyrgyzstan,NA,NA,NA,30,30,30,30,30,NA,NA,NA,NA,NA,NA,NA,10,10,10,10,10,10,10,10,10,10,10,10,10
AS,Cambodia,NA,NA,20,20,20,20,20,20,NA,NA,NA,NA,NA,NA,20,20,20,20,20,20,20,20,20,20,20,20,20,20
OC,Kiribati,NA,NA,NA,NA,NA,NA,NA,NA,NA,NA,NA,NA,NA,NA,NA,NA,35,35,35,35,35,35,35,35,35,35,30,30
NO,Saint Kitts and Nevis,NA,NA,NA,NA,NA,NA,NA,NA,NA,NA,NA,NA,NA,NA,NA,35,35,35,33,33,33,33,33,33,33,33,33,33
AS,Republic of Korea,NA,NA,30.8,30.8,30.8,30.8,30.8,29.7,29.7,29.7,27.5,27.5,27.5,27.5,24.2,24.2,24.2,24.2,24.2,24.2,24.2,24.2,24.2,27.5,27.5,27.5,27.5,27.5
AS,Kuwait,55,55,55,NA,NA,NA,55,55,55,55,55,55,55,55,15,15,15,15,15,15,15,15,15,15,15,15,15,15
AS,Lao People's Democratic Republic,NA,NA,NA,NA,NA,NA,NA,NA,NA,NA,NA,NA,NA,NA,35,35,35,28,24,24,24,24,24,24,24,24,20,20
AS,Lebanon,NA,10,10,10,10,10,15,15,NA,15,15,15,15,15,15,15,15,15,15,15,15,15,15,15,17,17,17,17
AF,Liberia,NA,NA,NA,NA,NA,35,35,35,35,35,35,35,35,35,35,35,25,25,25,25,25,25,25,25,25,25,25,25
AF,Libya,NA,60,60,60,60,35,35,35,30.38,30.38,30.38,30.38,40,40,40,40,20,20,20,20,20,20,20,20,20,20,20,20
NO,Saint Lucia,33.3,33.3,33.3,33.3,NA,30,30,30,30,30,30,30,30,30,30,30,30,30,30,30,33.33,33.33,30,30,30,30,30,30
EU,Liechtenstein,15,15,15,15,15,15,15,15,20,20,20,20,20,20,20,15,12.5,12.5,12.5,12.5,12.5,12.5,12.5,12.5,12.5,12.5,12.5,12.5
AS,Sri Lanka,45,35,35,35,35,35,35,42,35,35,32.5,32.5,35,35,35,35,28,28,28,28,28,28,28,28,28,28,24,24
AF,Lesotho,NA,40,40,35,35,35,35,35,NA,35,35,35,25,25,25,25,25,25,25,25,25,25,25,25,25,25,25,25
EU,Lithuania,29,29,29,29,29,29,24,24,15,15,15,15,15,15,20,15,15,15,15,15,15,15,15,15,15,15,15,15
EU,Luxembourg,40.29,40.29,30.34,37.45,37.45,37.45,37.45,30.38,30.38,30.38,30.38,29.63,29.63,29.63,28.59,28.59,28.8,28.8,29.22,29.22,29.22,29.22,27.08,26.01,24.94,24.94,24.94,24.94
EU,Latvia,25,25,25,25,25,25,25,22,19,15,15,15,15,15,15,15,15,15,15,15,15,15,15,20,20,20,20,20
AS,"China, Macao Special Administrative Region",15,15,15,15,15,15,15,15,15,12,12,12,12,12,12,12,12,12,12,12,12,12,12,12,12,12,12,12
NO,Saint Martin (French Part),NA,NA,NA,NA,NA,NA,NA,NA,NA,NA,NA,NA,NA,NA,NA,NA,NA,NA,NA,NA,24.5,34.5,20,20,20,20,20,20
AF,Morocco,36,35,35,35,35,35,35,35,NA,35,35,35,35,30,30,30,30,30,30,30,30,31,31,31,31,31,31,31
EU,Monaco,NA,NA,NA,33.3,33.3,33.3,33.3,33.3,33.33,33.33,33.33,33.33,33.33,33.33,33.33,33.33,33.33,33.33,33.33,33.33,33.33,33.33,33.33,33.33,31,28,26.5,25
EU,Republic of Moldova,NA,NA,NA,NA,NA,NA,NA,NA,NA,20,18,15,15,0,0,0,0,0,12,12,18,12,12,12,12,12,12,12
AF,Madagascar,NA,NA,NA,NA,NA,NA,NA,NA,NA,NA,NA,NA,30,25,24,24,23,21,20,20,20,20,20,20,20,20,20,20
AS,Maldives,NA,NA,NA,NA,NA,0,0,0,0,0,0,0,0,0,0,0,0,0,0,15,15,15,15,15,15,15,15,15
NO,Mexico,34,34,34,34,35,35,35,35,34,33,30,29,28,28,28,30,30,30,30,30,30,30,30,30,30,30,30,30
OC,Marshall Islands,NA,NA,NA,NA,NA,NA,NA,NA,NA,NA,NA,NA,NA,NA,NA,NA,NA,NA,NA,NA,NA,NA,NA,NA,NA,NA,NA,NA
EU,The former Yugoslav Republic of Macedonia,NA,NA,NA,18,NA,15,15,15,15,15,15,15,12,10,10,10,10,10,10,10,10,10,10,10,10,10,10,10
AF,Mali,NA,NA,NA,NA,NA,NA,NA,NA,NA,NA,NA,NA,NA,NA,NA,NA,35,35,30,30,30,30,30,30,30,30,30,30
EU,Malta,35,35,35,35,35,35,35,35,35,35,35,35,35,35,35,35,35,35,35,35,35,35,35,35,35,35,35,35
AS,Myanmar,NA,NA,NA,30,30,30,30,30,NA,30,30,NA,NA,NA,NA,NA,NA,NA,25,25,25,25,25,25,25,25,25,22
EU,Montenegro,NA,NA,NA,NA,NA,20,20,20,20,9,9,9,9,9,9,9,9,9,9,9,9,9,9,9,9,9,9,15
AS,Mongolia,NA,NA,NA,NA,NA,NA,NA,NA,NA,NA,NA,NA,NA,NA,NA,25,25,25,25,25,25,25,25,25,25,25,25,25
OC,Northern Mariana Islands,NA,NA,NA,NA,NA,NA,NA,NA,NA,35,35,35,35,35,35,35,35,35,35,35,35,35,35,21,21,21,21,21
AF,Mozambique,45,45,45,45,35,35,35,35,32,32,32,32,32,32,32,32,32,32,32,32,32,32,32,32,32,32,32,32
AF,Mauritania,NA,NA,NA,NA,NA,NA,NA,NA,NA,20,20,25,25,25,25,25,25,25,25,25,25,25,25,25,25,25,25,25
NO,Montserrat,NA,NA,NA,NA,NA,30,30,30,30,30,30,30,30,30,30,30,30,30,30,30,30,30,30,30,30,30,30,30
NO,Martinique,NA,NA,NA,NA,NA,NA,NA,NA,NA,NA,NA,NA,NA,NA,NA,NA,NA,NA,NA,NA,NA,NA,NA,NA,NA,NA,NA,NA
AF,Mauritius,35,35,35,35,35,35,25,25,25,25,25,25,22.5,15,15,15,15,15,15,15,15,15,15,15,15,15,15,15
AF,Malawi,35,38,38,38,38,38,38,35,NA,NA,30,30,30,30,30,30,30,30,30,30,30,30,30,30,30,30,30,30
AS,Malaysia,30,30,30,28,28,28,28,28,28,28,28,28,27,26,25,25,25,25,25,25,25,24,24,24,24,24,24,24
AF,Mayotte,NA,NA,NA,NA,NA,NA,NA,NA,NA,NA,NA,NA,NA,NA,NA,NA,NA,NA,NA,NA,NA,NA,NA,NA,NA,NA,NA,NA
AF,Namibia,35,35,35,35,35,35,35,35,35,35,35,35,35,35,35,35,34,34,33,33,33,32,32,32,32,32,32,32
OC,New Caledonia,30,30,30,30,NA,NA,NA,NA,NA,NA,NA,NA,NA,NA,NA,NA,NA,NA,NA,NA,NA,NA,30,30,30,30,30,30
AF,Niger,NA,NA,NA,NA,NA,NA,NA,NA,NA,NA,NA,NA,NA,NA,NA,NA,30,30,30,30,30,30,30,30,30,30,30,30
OC,Norfolk Island,NA,NA,NA,NA,NA,NA,NA,NA,NA,NA,NA,NA,NA,NA,NA,NA,NA,NA,NA,NA,NA,NA,NA,NA,NA,NA,NA,NA
AF,Nigeria,35,30,30,30,30,30,30,30,30,30,30,30,30,30,30,30,30,30,30,30,30,30,30,30,30,30,30,30
NO,Nicaragua,30,30,30,30,30,NA,25,25,NA,30,30,30,30,30,30,30,30,30,30,30,30,30,30,30,30,30,30,30
OC,Niue,NA,NA,NA,NA,NA,NA,NA,NA,NA,NA,NA,NA,NA,NA,NA,NA,NA,NA,NA,NA,NA,NA,NA,NA,NA,30,30,30
EU,Netherlands,35,35,35,35,35,35,35,34.5,34.5,34.5,31.5,29.6,25.5,25.5,25.5,25.5,25,25,25,25,25,25,25,25,25,25,25,25.8
EU,Norway,28,28,28,28,28,28,28,28,28,28,28,28,28,28,28,28,28,28,28,27,27,25,24,23,22,22,22,22
AS,Nepal,NA,NA,NA,NA,NA,NA,NA,NA,NA,25,25,25,NA,NA,NA,25,25,25,25,25,25,25,25,25,25,25,25,25
OC,Nauru,NA,NA,NA,NA,NA,NA,NA,NA,NA,NA,NA,NA,NA,NA,NA,NA,NA,NA,NA,NA,NA,NA,20,25,25,25,25,25
OC,New Zealand,33,33,33,33,33,33,33,33,33,33,33,33,33,30,30,30,28,28,28,28,28,28,28,28,28,28,28,28
AS,Oman,50,50,50,30,30,30,12,12,12,12,12,12,12,12,12,12,12,12,12,12,12,12,12,15,15,15,15,15
AS,Pakistan,46,46,46,40,45.15,45.15,45.15,45,35,35,35,35,35,35,35,35,35,35,35,34,33,32,31,30,29,29,29,29
NO,Panama,34,34,30,30,30,37,37,37,30,30,30,30,30,30,30,27.5,25,25,25,25,25,25,25,25,25,25,25,25
OC,Pitcairn,NA,NA,NA,NA,NA,NA,NA,NA,NA,NA,NA,NA,NA,NA,NA,NA,NA,NA,NA,NA,NA,NA,NA,NA,NA,NA,NA,NA
SA,Peru,30,30,30,30,30,30,30,30,27,30,30,30,30,30,30,30,30,30,30,30,30,28,29.5,29.5,29.5,29.5,29.5,29.5
AS,Philippines,35,35,35,34,33,32,32,32,32,32,32,35,35,35,30,30,30,30,30,30,30,30,30,30,30,30,25,25
OC,Palau,NA,NA,NA,NA,NA,NA,NA,NA,NA,NA,NA,NA,NA,NA,NA,NA,NA,NA,NA,NA,NA,NA,NA,NA,NA,NA,NA,NA
OC,Papua New Guinea,25,25,25,25,25,25,25,25,30,30,30,30,30,30,30,30,30,30,30,30,30,30,30,30,30,30,30,30
EU,Poland,40,40,38,36,34,30,28,28,27,19,19,19,19,19,19,19,19,19,19,19,19,19,19,19,19,19,19,19
NO,Puerto Rico,19,20,20,20,20,NA,39,39,NA,39,39,39,39,39,39,39,39,30,30,39,39,39,39,39,37.5,37.5,37.5,37.5
AS,Democratic People's Republic of Korea,NA,NA,NA,NA,NA,NA,NA,NA,NA,NA,NA,NA,NA,NA,NA,NA,NA,NA,NA,NA,NA,NA,NA,NA,NA,NA,NA,NA
EU,Portugal,39.6,39.6,37.4,37.4,37.4,35.2,35.2,33,33,27.5,27.5,27.5,26.5,26.5,26.5,26.5,28.5,31.5,31.5,31.5,29.5,29.5,29.5,31.5,31.5,31.5,31.5,31.5
SA,Paraguay,30,30,30,30,30,30,30,30,30,30,20,10,10,10,10,10,10,10,10,10,10,10,10,10,10,10,10,10
AS,State of Palestine,NA,NA,NA,NA,NA,NA,NA,NA,NA,20,20,15,15,15,15,15,15,15,15,15,15,15,15,15,15,15,15,15
OC,French Polynesia,NA,NA,NA,45,NA,NA,NA,NA,NA,NA,NA,NA,NA,NA,NA,NA,NA,NA,NA,NA,NA,NA,28,27,27,27,27,25
AS,Qatar,35,35,35,35,35,35,35,35,35,35,35,35,35,35,35,10,10,10,10,10,10,10,10,10,10,10,10,10
AF,Reunion,NA,NA,NA,NA,NA,NA,NA,NA,NA,NA,NA,NA,NA,NA,NA,NA,NA,NA,NA,NA,NA,NA,NA,NA,NA,NA,NA,NA
EU,Romania,38,38,38,38,38,38,25,25,25,25,16,16,16,16,16,16,16,16,16,16,16,16,16,16,16,16,16,16
EU,Russian Federation,35,35,35,35,35,35,35,24,24,24,24,24,24,24,20,20,20,20,20,20,20,20,20,20,20,20,20,20
AF,Rwanda,NA,NA,NA,NA,NA,NA,NA,NA,NA,35,35,35,30,30,30,30,30,30,30,30,30,30,30,30,30,30,30,30
AS,Saudi Arabia,45,45,45,45,45,45,30,30,30,30,30,20,20,20,20,20,20,20,20,20,20,20,20,20,20,20,20,20
AF,Sudan,60,60,60,60,60,40,40,40,35,35,35,35,30,15,15,15,35,35,35,35,35,35,35,35,35,35,35,35
AF,Senegal,35,35,35,35,35,35,35,35,35,35,33,33,25,25,25,25,25,25,30,30,30,30,30,30,30,30,30,30
AS,Singapore,27,26,26,26,26,26,25.5,24.5,22,22,20,20,20,18,18,17,17,17,17,17,17,17,17,17,17,17,17,17
AN,South Georgia and the South Sandwich Islands,NA,NA,NA,NA,NA,NA,NA,NA,NA,NA,NA,NA,NA,NA,NA,NA,NA,NA,NA,NA,NA,NA,NA,NA,NA,NA,NA,NA
AF,Saint Helena,NA,NA,NA,NA,NA,NA,NA,NA,NA,NA,NA,NA,NA,NA,NA,NA,NA,NA,NA,NA,NA,NA,NA,NA,25,25,25,25
EU,Svalbard and Jan Mayen Islands,NA,NA,NA,NA,NA,NA,NA,NA,NA,NA,NA,NA,NA,NA,NA,NA,NA,NA,NA,NA,NA,NA,NA,NA,NA,NA,NA,NA
OC,Solomon Islands,35,35,35,35,NA,NA,35,35,NA,NA,NA,NA,NA,NA,NA,30,30,30,30,30,30,30,30,30,30,30,30,30
AF,Sierra Leone,47.2,47.2,47.2,47.2,47.2,45,45,45,NA,NA,NA,NA,NA,NA,NA,NA,NA,NA,NA,30,30,30,30,30,30,30,30,25
NO,El Salvador,25,25,25,25,25,25,25,25,25,25,25,25,25,25,25,25,25,30,30,30,30,30,30,30,30,30,30,30
EU,San Marino,NA,NA,NA,NA,NA,24,24,24,24,24,19,19,17,17,17,17,17,17,17,17,17,17,17,17,17,17,17,17
AF,Somalia,NA,NA,NA,NA,NA,NA,NA,NA,NA,NA,NA,NA,NA,NA,NA,NA,NA,NA,NA,NA,NA,NA,NA,NA,NA,NA,NA,NA
NO,Saint Pierre and Miquelon,NA,NA,NA,NA,NA,NA,NA,NA,NA,NA,NA,NA,NA,NA,NA,NA,NA,NA,NA,NA,NA,NA,NA,NA,NA,NA,NA,NA
EU,Serbia,NA,NA,NA,NA,NA,20,20,20,14,12.33,10,10,10,10,10,10,10,10,15,15,15,15,15,15,15,15,15,15
AF,South Sudan,NA,NA,NA,NA,NA,NA,NA,NA,NA,NA,NA,NA,NA,NA,NA,NA,NA,NA,NA,20,20,20,25,25,25,25,25,30
AF,Sao Tome and Principe,NA,NA,NA,NA,NA,NA,NA,NA,NA,NA,NA,NA,NA,NA,NA,NA,NA,NA,NA,NA,25,25,25,25,25,25,25,25
SA,Suriname,45,45,38,38,38,38,38,36,NA,36,36,NA,NA,NA,NA,NA,NA,NA,36,34.5,34.5,36,36,36,36,36,36,36
EU,Slovakia,40,40,40,40,40,29,29,25,25,19,19,19,19,19,19,19,19,19,23,22,22,22,21,21,21,21,21,21
EU,Slovenia,NA,30,25,25,25,25,25,25,25,25,25,25,23,22,21,20,20,18,17,17,17,17,19,19,19,19,19,19
EU,Sweden,28,28,28,28,28,28,28,28,28,28,28,28,28,28,26.3,26.3,26.3,26.3,22,22,22,22,22,22,21.4,21.4,20.6,20.6
AF,Swaziland,37.5,37.5,37.5,37.5,37.5,37.5,37.5,30,30,30,30,30,30,30,30,30,30,30,30,27.5,27.5,27.5,27.5,28,27.5,27.5,27.5,27.5
NO,Sint Maarten (Dutch part),NA,NA,NA,NA,NA,NA,NA,NA,NA,NA,NA,NA,NA,NA,NA,NA,34.5,34.5,34.5,34.5,34.5,34.5,34.5,35,35,35,35,34.5
AF,Seychelles,NA,NA,NA,NA,NA,40,40,40,40,40,40,40,40,40,40,33,33,33,30,30,30,30,30,30,30,30,30,25
AS,Syrian Arab Republic,NA,50,50,50,50,NA,NA,NA,35,35,35,35,28,28,28,28,28,28,28,28,28,28,28,28,28,28,28,28
NO,Turks and Caicos Islands,NA,NA,NA,NA,NA,0,0,0,0,0,0,0,0,0,0,0,0,0,0,0,0,0,0,0,0,0,0,0
AF,Chad,NA,NA,NA,NA,NA,NA,NA,NA,NA,NA,NA,NA,NA,NA,NA,NA,40,40,40,40,40,35,35,35,35,35,35,35
AF,Togo,NA,NA,NA,NA,NA,NA,NA,NA,NA,NA,NA,NA,NA,NA,NA,NA,NA,NA,NA,NA,29,29,29,28,28,27,27,27
AS,Thailand,30,30,30,30,30,30,30,30,30,30,30,30,30,30,30,30,30,23,20,20,20,20,20,20,20,20,20,20
AS,Tajikistan,NA,NA,NA,NA,NA,NA,NA,NA,NA,NA,NA,NA,NA,NA,NA,25,25,25,25,25,25,24,23,23,23,23,23,18
OC,Tokelau,NA,NA,NA,NA,NA,NA,NA,NA,NA,NA,NA,NA,NA,NA,NA,NA,NA,NA,NA,NA,NA,NA,NA,NA,0,0,0,0
AS,Turkmenistan,NA,NA,NA,NA,NA,NA,30,30,30,30,25,NA,NA,NA,NA,8,8,8,8,8,8,8,8,8,8,8,8,8
OC,Timor-Leste,NA,NA,NA,NA,NA,NA,NA,NA,NA,NA,NA,NA,NA,NA,NA,NA,NA,10,10,10,10,10,10,10,10,10,10,10
OC,Tonga,NA,NA,NA,NA,NA,NA,NA,NA,NA,NA,NA,NA,NA,NA,NA,NA,NA,NA,NA,NA,25,25,25,25,25,25,25,25
NO,Trinidad and Tobago,38,35,35,35,35,35,35,35,35,30,30,30,25,25,25,25,25,25,25,25,25,25,30,30,30,30,30,30
AF,Tunisia,35,35,35,35,35,35,35,35,35,35,35,35,30,30,30,30,30,30,30,25,25,25,25,25,25,25,15,15
AS,Turkey,44,44,44,44,33,33,33,33,30,33,30,20,20,20,20,20,20,20,20,20,20,20,20,22,22,22,20,23
OC,Tuvalu,NA,NA,NA,NA,NA,NA,NA,NA,NA,NA,NA,NA,NA,NA,NA,NA,NA,NA,NA,NA,NA,NA,NA,NA,NA,NA,NA,NA
AS,Taiwan,25,25,25,25,25,25,25,25,25,25,25,25,25,25,25,17,17,17,17,17,17,17,17,20,20,20,20,20
AF,United Republic of Tanzania,35,35,35,30,30,30,30,30,NA,30,30,30,30,30,30,30,30,30,30,30,30,30,30,30,30,30,30,30
AF,Uganda,30,30,30,30,30,30,30,30,30,30,30,30,30,30,30,30,30,30,30,30,30,30,30,30,30,30,30,30
EU,Ukraine,22,30,30,30,30,30,30,30,30,25,25,25,25,25,25,25,25,21,19,18,18,18,18,18,18,18,18,18
OC,United States Minor Outlying Islands,NA,NA,NA,NA,NA,NA,NA,NA,NA,NA,NA,NA,NA,NA,NA,NA,NA,NA,NA,NA,NA,NA,NA,NA,NA,NA,NA,NA
SA,Uruguay,30,30,30,30,30,30,30,30,35,30,30,30,30,25,25,25,25,25,25,25,25,25,25,25,25,25,25,25
NO,United States of America,39.6085,39.5305,39.4525,39.4395,39.394,39.34,39.27,39.3,39.3225,39.316,39.29,39.303,39.2705,39.251,39.16,39.2055,39.1925,39.134,39.0495,39.0755,38.9975,38.923934,38.906474,25.83858,25.886141,25.766571,25.754568,25.808
AS,Uzbekistan,NA,NA,NA,35,33,33,33,33,NA,20,18,15,10,10,10,9,9,9,9,8,7.5,7.5,7.5,14,12,15,15,15
EU,Holy See,NA,NA,NA,NA,NA,NA,NA,NA,NA,NA,NA,NA,NA,NA,NA,NA,NA,NA,NA,NA,NA,NA,NA,NA,NA,NA,NA,NA
NO,Saint Vincent and the Grenadines,NA,NA,NA,40,NA,40,40,40,40,40,40,40,37.5,35,32.5,32.5,32.5,32.5,32.5,32.5,32.5,32.5,32.5,33,30,30,30,30
SA,Venezuela (Bolivarian Republic of),34,34,34,34,34,34,34,34,34,34,34,34,34,34,34,34,34,34,34,34,34,34,34,34,34,34,34,34
NO,British Virgin Islands,15,15,15,15,15,15,15,15,15,15,15,0,0,0,0,0,0,0,0,0,0,0,0,0,0,0,0,0
NO,United States Virgin Islands,NA,NA,NA,NA,NA,38.5,38.5,38.5,NA,38.5,38.5,38.5,38.5,38.5,38.5,38.5,38.5,38.5,38.5,38.5,38.5,38.5,38.5,23.1,23.1,23.1,23.1,23.1
AS,Viet Nam,25,25,25,25,32,32,32,32,32,28,28,28,28,28,25,25,25,25,25,22,22,22,20,20,20,20,20,20
OC,Vanuatu,0,0,0,0,0,0,0,NA,NA,NA,NA,NA,NA,NA,NA,0,0,0,0,0,0,0,0,0,0,0,0,0
OC,Wallis and Futuna Islands,NA,NA,NA,NA,NA,NA,NA,NA,NA,NA,NA,NA,NA,NA,NA,NA,NA,NA,NA,0,0,0,0,0,0,0,0,0
OC,Samoa,39,39,39,39,39,39,35,NA,29,29,29,29,27,27,27,27,27,27,27,27,27,27,27,27,27,27,27,27
EU,"Kosovo, Republic of",NA,NA,NA,NA,NA,NA,NA,NA,NA,NA,NA,NA,NA,NA,NA,NA,NA,NA,NA,10,10,10,10,10,10,10,10,10
AS,Yemen,36,36,32,32,35,35,35,35,35,35,35,35,35,35,35,35,20,20,20,20,20,20,20,20,20,20,20,20
AF,South Africa,NA,NA,NA,NA,NA,37.8,37.8,37.8,37.8,37.8,37.8,36.89,36.89,34.55,34.55,34.55,34.55,34.55,28,28,28,28,28,28,28,28,28,28
AF,Zambia,35,35,35,35,35,35,35,35,35,35,35,35,35,35,35,35,35,35,35,35,35,35,35,35,35,35,35,30
AF,Zimbabwe,40,37.5,37.5,37.5,35,35,35,30,30.9,30.9,30.9,30.9,30.9,30.9,30.9,25.75,25.75,25.75,25.75,25.75,25.75,25.75,25.75,25.75,25.75,24.72,24.72,24.72